epa_site,epa_lat,epa_lon,cleancle_location,device_number,device_eui,cleancle_lat,cleancle_lon,distance_km,r_squared
0034,41.55523,-81.575256,East 152nd and Darwin,24,0004A30B000824D7,41.564906,-81.579597,1.136199467704632,0.0047438602740945916
0038,41.477011,-81.682383,St. Theodosius Monitoring Site Collocated Sensor,7,0004A30B00084474,41.476985,-81.682376,0.0029526019679494107,0.0029737958232794737
0045,41.471782,-81.656792,Forest City/East 46th Street,5,0004A30B00084CF2,41.46274,-81.65997,1.0408744705307522,0.00401685505910736
0060,41.492117,-81.678449,GT Craig Monitoring Site Collocated Sensor,17,0004A30B00087263,41.49212,-81.67856,0.009261593165835512,0.00355286621008843
0060,41.492117,-81.678449,GT Craig Monitoring Site Collocated Sensor,17,0004A30B00087263,41.49212,-81.67856,0.009261593165835512,0.00355286621008843
0065,41.446624,-81.662356,East 56th Street and Ferro Avenue,8,0004A30B000838E4,41.446336,-81.650709,0.9723803699624697,0.002097423763338604
0073,41.44013,-81.494833,Lee/Harvard,23,0004A30B000818DE,41.449672,-81.564,5.868520650102107,0.002432815831081855
