epa_site,n,slope,intercept,r2
0034,380,1.3239665188433216,0.29842903405399746,0.43553510833675546
0038,250,0.7167905126648749,9.057542405207531,0.004757995723649714
0045,186,1.1738674575754242,0.25165759886686156,0.3277698263661385
0060,236,0.5832734239473673,7.324636921912723,0.005620513910843316
0065,115,0.8566775901405682,2.438378320295996,0.2636364295307097
0073,71,1.3879893830681536,1.1843284223091577,0.3169859869347604
