epa_site,n,slope,intercept,r2
0034,937,1.5392133507184034,-1.0260067620836626,0.5134561213024879
0038,623,0.855134127749365,6.098358824515798,0.009207666277144495
0045,461,1.486417003122139,-1.813452232745023,0.4378513571773151
0060,582,0.4064136502526377,11.216180417916704,7.745750855111054e-4
0065,286,1.2300312005438094,-0.42756586675684466,0.3818259223766369
0073,176,1.525250064015712,0.137460988974376,0.27069028252586264
