EPA_Site,n,slope,intercept,r2,pm_epa_min,pm_epa_max,pm_cinc_min,pm_cinc_max,eq_label
0034,937,1.5392133507184103,-1.0260067620837203,0.5134561213024879,1.5791666666666666,17.229166666666668,1.3006530612244898,59.07299999999999,y = 1.54x -1.03; R² = 0.51
0038,623,0.8551341277493663,6.098358824515796,0.00920766627714451,1.7916666666666667,24.420833333333334,1.3959629629629628,630.3564423076924,y = 0.86x +6.10; R² = 0.01
0045,461,1.4864170031221384,-1.813452232745043,0.43785135717731505,2.416666666666667,20.758333333333333,1.13,68.36316666666667,y = 1.49x -1.81; R² = 0.44
0060,582,0.4064136502526363,11.216180417916743,7.745750855111012e-4,1.7625,21.704166666666666,1.272375,1213.9318095238095,y = 0.41x +11.22; R² = 0.00
0065,286,1.2300312005438068,-0.42756586675682506,0.3818259223766369,2.254166666666667,22.295833333333334,0.9473333333333334,45.81742105263158,y = 1.23x -0.43; R² = 0.38
0073,176,1.525250064015712,0.137460988974376,0.27069028252586264,1.4583333333333333,21.0875,2.2413928571428574,72.08615094339622,y = 1.53x +0.14; R² = 0.27
