EPA_Site,n,slope,intercept,r2,pm_epa_min,pm_epa_max,pm_cinc_min,pm_cinc_max,eq_label
0034,380,1.3239665188433214,0.2984290340539993,0.4355351083367555,1.5791666666666666,15.112499999999999,1.4652222222222222,47.318636363636365,y = 1.32x +0.30; R² = 0.44
0038,250,0.716790512664875,9.057542405207535,0.0047579957236497,1.8916666666666666,24.420833333333334,1.6677142857142857,579.5019333333332,y = 0.72x +9.06; R² = 0.00
0045,186,1.1738674575754253,0.25165759886685835,0.3277698263661385,2.416666666666667,17.6625,1.13,68.36316666666667,y = 1.17x +0.25; R² = 0.33
0060,236,0.5832734239473685,7.324636921912709,0.005620513910843401,1.825,21.704166666666666,1.5213170731707317,464.6434,y = 0.58x +7.32; R² = 0.01
0065,115,0.8566775901405674,2.4383783202959988,0.26363642953070976,2.775,22.295833333333334,1.672,45.81742105263158,y = 0.86x +2.44; R² = 0.26
0073,71,1.3879893830681536,1.1843284223091577,0.3169859869347604,1.9833333333333334,16.666666666666668,2.2413928571428574,46.080708333333334,y = 1.39x +1.18; R² = 0.32
