Site,x_max_strict,y_max_strict,x_max_p99,y_max_p99,axis_max_strict,axis_max_p99,axis_min
0034,17.229166666666668,59.07299999999999,14.995499999999996,35.78943117241375,60,40,0
0038,24.420833333333334,630.3564423076924,21.80416666666663,54.649591246753204,635,55,0
0045,20.758333333333333,68.36316666666667,20.120833333333337,40.121351000000004,70,45,0
0060,21.704166666666666,1213.9318095238095,20.2625,132.14518999999748,1215,135,0
0065,22.295833333333334,45.81742105263158,20.116666666666667,42.14382619047616,50,45,0
0073,21.0875,72.08615094339622,16.679166666666667,50.43490726290516,75,55,0
