EPA_Site,n,slope,intercept,r2,pm_epa_min,pm_epa_max,pm_cinc_min,pm_cinc_max,eq_label
0034,309,1.1763119344156807,1.0557991069074542,0.38276699592471186,1.3,16.5,1.4652222222222222,47.318636363636365,y = 1.18x +1.06; R² = 0.38
0038,211,1.4234558043479304,2.179211750962045,0.029701709343923317,1.5,24.950000000000003,1.6677142857142857,579.5019333333332,y = 1.42x +2.18; R² = 0.03
0045,150,0.7679831084745947,4.5918446836046005,0.1385973804690505,1.2,18.2,1.13,68.36316666666667,y = 0.77x +4.59; R² = 0.14
0060,189,0.535516875122429,8.052771927343198,0.004297124766035483,1.4,22.2,1.5213170731707317,464.6434,y = 0.54x +8.05; R² = 0.00
0065,95,0.6260148600931726,4.316074542784366,0.17533499869067043,2.3,26.1,2.132142857142857,45.81742105263158,y = 0.63x +4.32; R² = 0.18
0073,58,1.334694235768742,2.0117194029932324,0.29700232719292985,1.7,16.8,2.2413928571428574,46.080708333333334,y = 1.33x +2.01; R² = 0.30
