Site,device_number,distance_km,n_points
0034,24,1.136199467704632,59
0038,7,0.0029526019679494107,61
0045,19,1.272657973243841,51
0060,17,0.009261593165835512,8
0065,8,0.9723803699624697,64
0073,23,5.868520650102107,61
