Site,n,slope,intercept,r2,axis_min,axis_max
0034,61,0.8607902662352268,0.669133899210865,0.9092835040034448,0,25
0038,62,0.9515263332395696,0.6117726851634294,0.9480985823914119,0,25
0045,63,0.8065940671097357,2.780224736267832,0.6471551526945688,0,25
0060,65,0.947002949433901,0.3073193705218661,0.9415308616639644,0,25
0065,64,0.8165898089069699,1.0937272969096963,0.8275004991857421,0,25
0073,63,0.9417409290066006,0.8655992134766649,0.9343561351642731,0,25
