Site,n,slope,intercept,r2,axis_min,axis_max
0034,380,1.3239665188433214,0.2984290340539993,0.4355351083367555,0,50
0038,250,0.716790512664875,9.057542405207535,0.0047579957236497,0,50
0045,186,1.1738674575754253,0.25165759886685835,0.3277698263661385,0,50
0060,236,0.5832734239473685,7.324636921912709,0.005620513910843401,0,50
0065,115,0.8566775901405674,2.4383783202959988,0.26363642953070976,0,50
0073,71,1.3879893830681536,1.1843284223091577,0.3169859869347604,0,50
