Site,n,slope,intercept,r2,axis_min,axis_max
0034,937,1.5392133507184103,-1.0260067620837203,0.5134561213024879,0,50
0038,623,0.8551341277493663,6.098358824515796,0.00920766627714451,0,50
0045,461,1.4864170031221384,-1.813452232745043,0.43785135717731505,0,50
0060,582,0.4064136502526363,11.216180417916743,7.745750855111012e-4,0,50
0065,286,1.2300312005438068,-0.42756586675682506,0.3818259223766369,0,50
0073,176,1.525250064015712,0.137460988974376,0.27069028252586264,0,50
