Site,n,slope,intercept,r2,axis_min,axis_max
0034,309,1.1763119344156807,1.0557991069074542,0.38276699592471186,0,50
0038,211,1.4234558043479304,2.179211750962045,0.029701709343923317,0,50
0045,150,0.7679831084745947,4.5918446836046005,0.1385973804690505,0,50
0060,189,0.535516875122429,8.052771927343198,0.004297124766035483,0,50
0065,95,0.6260148600931726,4.316074542784366,0.17533499869067043,0,50
0073,58,1.334694235768742,2.0117194029932324,0.29700232719292985,0,50
