epa_site,n,slope,intercept,r2
0034,309,1.1763119344156838,1.0557991069074286,0.3827669959247116
0038,211,1.42345580434793,2.1792117509620708,0.029701709343923275
0045,150,0.7679831084745962,4.591844683604597,0.13859738046905049
0060,189,0.5355168751224293,8.0527719273432,0.004297124766035511
0065,95,0.6260148600931725,4.3160745427843725,0.17533499869067048
0073,58,1.334694235768742,2.0117194029932324,0.29700232719292985
